{"report": {"environment": {}, "tests": [], "created_at": "2016-09-11 15:56:54.439691", "summary": {"duration": 0.3268771171569824, "num_tests": 0}}}